emoji,gold,pred,correct,latency
ğŸ§‘ğŸ•·ï¸ğŸ™ï¸,spider-man,"""Man-Spider in City"" (Assuming a literal translation, as no known movie matches exactly this sequence.)",False,6.835093021392822
ğŸš¢ğŸ’”ğŸ§Š,titanic,Titanic (1997),False,0.6541759967803955
ğŸ‘¸â„ï¸,frozen,Frozen Princess,False,0.5231971740722656
ğŸ§™ğŸ§ğŸ’ğŸŒ‹,the lord of the rings,"""Elfquest: The Wedding of Worlds""",False,0.7992651462554932
ğŸ¦–ğŸï¸,jurassic park,"""Jurassic Park""",True,0.5522267818450928
ğŸ§‘â€ğŸš€ğŸŒ•,apollo 13,"Moonbase Alpha (Reference to the TV series ""Space: 1999"")",False,1.0773391723632812
ğŸ§”âš¡ğŸ§¹ğŸ°,harry potter,Lightning Man: The Royal Cleaner,False,0.6039731502532959
ğŸ¤µğŸ•¶ï¸ğŸ•¶ï¸ğŸš—,men in black,"""Men in Black"" (This is a popular movie where the main characters are dressed as men in suits, wear sunglasses, and drive cars.)",False,1.720757007598877
ğŸ§¡ğŸ ğŸ”,finding nemo,Finding Nemo,True,0.41388392448425293
ğŸ¦ğŸ‘‘ğŸŒ…,the lion king,Lion King Dawn (or Sunrise of the Lion King),False,0.8391296863555908
ğŸ§‘â€ğŸ³ğŸ­ğŸ‡«ğŸ‡·,ratatouille,Ratatouille (France-based animated film about a rat who becomes a chef),False,1.143946886062622
ğŸ‘»ğŸš«,ghostbusters,Ghost Prohibited (hypothetical title),False,0.9465899467468262
ğŸ¤–ğŸš—,transformers,Car Robot (working title),False,0.721764087677002
ğŸ¦‡ğŸ™ï¸,the dark knight,"Batman City (or possibly City of Bats, depending on context)",False,0.9288790225982666
ğŸš—âš¡ğŸ,cars,"""Fast & Furious: Racer's Race""",False,0.786370038986206
